{
    "anime1": [
        {
            "user": "SALIONIMEOFICIAL",
            "title": "admin",
            "comment": "Tess",
            "timestamp": "2025-12-25 10:16:48"
        }
    ],
    "694d5a54098b1": [
        {
            "user": "SALIONIMEOFICIAL",
            "title": "admin",
            "comment": "Pingg",
            "timestamp": "2025-12-25 10:47:05"
        }
    ],
    "694ed291724aa": [
        {
            "user": "SALIONIMEOFICIAL",
            "title": "admin",
            "comment": "Tess",
            "timestamp": "2025-12-26 13:30:27"
        }
    ],
    "694d5f0f329a5": [
        {
            "user": "MODE_SAD",
            "title": "owner",
            "comment": "Tess",
            "timestamp": "2025-12-27 03:16:59"
        }
    ]
}