{
    "MODE_SAD": {
        "nama": "MODE_SAD",
        "email": "GAMINGIPUL34@GMAIL.COM",
        "nomor_whatsapp": "083856699680",
        "url_foto": "https:\/\/i.scdn.co\/image\/ab6761610000e5eb85cb977759eb8d9806164750.jpg",
        "katasandi": "SAYFUL1030",
        "title": "owner"
    },
    "SALIONIMEOFICIAL": {
        "nama": "SALIONIMEOFICIAL",
        "email": "SALIONIMEOFICIAL@GMAIL.COM",
        "nomor_whatsapp": "083894733464",
        "url_foto": "https:\/\/i.scdn.co\/image\/ab6761610000e5eb85cb977759eb8d9806164750.jpg",
        "katasandi": "SAYFUL2006",
        "title": "admin"
    },
    "Tess": {
        "nama": "Tess",
        "email": "tess@gmail.com",
        "nomor_whatsapp": "088888888888",
        "url_foto": "http:\/\/eror.png",
        "katasandi": "tess123",
        "title": "member"
    }
}